Workbook

Sheet Instrucciones
A1: Bitácora y medición · v2 (29/10/2026)
A2: Proyecto final Ágiles 2026-2 · Tema 3: pair programming · Ana Sofía Arango Yanza y Juan José Arias Chacua
A4: Cómo se usa
A5: 1. Sesiones: una fila por sesión de trabajo. Son las 'condiciones' que pide el profe: quién participó, cuándo, cuánto duró y con qué herramientas.
A6: 2. Medicion por caso: una fila por tarea, que se llena AL TERMINAR cada tarea (no al final del día). Las columnas grises se calculan solas.
A7: 3. Codewalk: 5 preguntas de 1 punto cada una, para el autor y para el compañero. El total se copia a Medicion por caso.
A8: 4. Bitacora (solo ciclos 1 y 2): una fila por CADA uso del agente. Decisión solo admite aceptar / corregir / rechazar. La columna Razón es la que más lee el profe.
A9: 5. Resumen: se calcula solo (promedios y conteos). La mediana y el rango salen del script 07 - Analisis/Scripts/resumen_medicion.py. La otra persona recalcula a mano al menos una cifra y lo anota en Sesiones.
A11: Reglas que no se negocian
A12: • Nunca rellenar datos de memoria ni inventarlos: si falta un dato, se deja vacío y se marca [N].
A13: • Cronómetro real: Inicio y Fin en formato hh:mm (p. ej. 14:05), contando desde que se abre el enunciado (la lectura cuenta). Las pausas se restan en la columna Pausas.
A14: • Si alguien abre tests/ocultas antes de declarar 'terminado', la tarea se marca [C] y se reemplaza por una de repuesto.
... A19: [V] verificado con evidencia (grabación, commit, salida de pytest) · [R] recalculado por la otra persona · [P] pendiente de verificar · [N] no consta · [C] contaminado / descartado

Sheet Sesiones
A1: ID sesión | B1: Fecha (dd/mm/aaaa) | C1: Etapa | D1: Hora inicio | E1: Hora fin | F1: Participantes | G1: Lugar o canal | H1: Herramientas (editor, Python, pytest) | I1: IA usada (ninguna / herramienta + modelo exacto) | J1: Semilla del sorteo | K1: Tareas hechas | L1: Interrupciones o incidentes | M1: Grabación (archivo o enlace) | N1: Recálculo independiente (quién, qué cifra, ¿coincide?)
A2: S01
A3: S02
A4: S03
A5: S04
A6: S05
A7: S06
A8: S07
A9: S08

Sheet Medicion por caso
A1: Caso | B1: Tarea | C1: Tam. | D1: Difícil | E1: Condición | F1: Quién conduce | G1: Fecha | H1: Pronóstico (min) · M6 | I1: Inicio (hh:mm) | J1: Fin (hh:mm) | K1: Pausas (min) | L1: Duración (min) · M1 | M1: Personas | N1: Esfuerzo (min·pers.) · M2 | O1: Ocultas que fallan · M3 | P1: Ocultas totales | Q1: Retrabajo (min) · M4 | R1: Commits de retrabajo | S1: Codewalk autor (0–5) · M5 | T1: Codewalk compañero (0–5) · M5 | U1: Ayuda percibida (−2 a +2) · M6 | V1: Grabación | W1: Marca | X1: Observaciones
A2: t01 | B2: Normalizar texto | C2: S | D2: No | L2: =IF(AND(I2<>"",J2<>""),ROUND((J2-I2)*1440-N(K2),0),"") | M2: =IF(E2="","",IF(E2="Línea base",2,1)) | N2: =IF(AND(ISNUMBER(L2),ISNUMBER(M2)),L2*M2,"") | P2: 3
A3: t02 | B3: Contar caracteres | C3: S | D3: No | L3: =IF(AND(I3<>"",J3<>""),ROUND((J3-I3)*1440-N(K3),0),"") | M3: =IF(E3="","",IF(E3="Línea base",2,1)) | N3: =IF(AND(ISNUMBER(L3),ISNUMBER(M3)),L3*M3,"") | P3: 3
A4: t03 | B4: Validar nombre | C4: M | D4: Sí | L4: =IF(AND(I4<>"",J4<>""),ROUND((J4-I4)*1440-N(K4),0),"") | M4: =IF(E4="","",IF(E4="Línea base",2,1)) | N4: =IF(AND(ISNUMBER(L4),ISNUMBER(M4)),L4*M4,"") | P4: 3
A5: t04 | B5: Validar correo | C5: S | D5: No | L5: =IF(AND(I5<>"",J5<>""),ROUND((J5-I5)*1440-N(K5),0),"") | M5: =IF(E5="","",IF(E5="Línea base",2,1)) | N5: =IF(AND(ISNUMBER(L5),ISNUMBER(M5)),L5*M5,"") | P5: 3
A6: t05 | B6: Validar celular | C6: S | D6: No | L6: =IF(AND(I6<>"",J6<>""),ROUND((J6-I6)*1440-N(K6),0),"") | M6: =IF(E6="","",IF(E6="Línea base",2,1)) | N6: =IF(AND(ISNUMBER(L6),ISNUMBER(M6)),L6*M6,"") | P6: 3
A7: t06 | B7: Política de contraseñas | C7: M | D7: No | L7: =IF(AND(I7<>"",J7<>""),ROUND((J7-I7)*1440-N(K7),0),"") | M7: =IF(E7="","",IF(E7="Línea base",2,1)) | N7: =IF(AND(ISNUMBER(L7),ISNUMBER(M7)),L7*M7,"") | P7: 3
A8: t07 | B8: Fecha de nacimiento | C8: M | D8: Sí | L8: =IF(AND(I8<>"",J8<>""),ROUND((J8-I8)*1440-N(K8),0),"") | M8: =IF(E8="","",IF(E8="Línea base",2,1)) | N8: =IF(AND(ISNUMBER(L8),ISNUMBER(M8)),L8*M8,"") | P8: 3
A9: t08 | B9: Cupo de perfiles por plan | C9: M | D9: Sí | L9: =IF(AND(I9<>"",J9<>""),ROUND((J9-I9)*1440-N(K9),0),"") | M9: =IF(E9="","",IF(E9="Línea base",2,1)) | N9: =IF(AND(ISNUMBER(L9),ISNUMBER(M9)),L9*M9,"") | P9: 3
A10: t09 | B10: Nivel de log por estado HTTP | C10: S | D10: No | L10: =IF(AND(I10<>"",J10<>""),ROUND((J10-I10)*1440-N(K10),0),"") | M10: =IF(E10="","",IF(E10="Línea base",2,1)) | N10: =IF(AND(ISNUMBER(L10),ISNUMBER(M10)),L10*M10,"") | P10: 3
A11: t10 | B11: Mensajes de error por campo | C11: M | D11: No | L11: =IF(AND(I11<>"",J11<>""),ROUND((J11-I11)*1440-N(K11),0),"") | M11: =IF(E11="","",IF(E11="Línea base",2,1)) | N11: =IF(AND(ISNUMBER(L11),ISNUMBER(M11)),L11*M11,"") | P11: 3
A12: t11 | B12: Contador de reintentos | C12: M | D12: No | L12: =IF(AND(I12<>"",J12<>""),ROUND((J12-I12)*1440-N(K12),0),"") | M12: =IF(E12="","",IF(E12="Línea base",2,1)) | N12: =IF(AND(ISNUMBER(L12),ISNUMBER(M12)),L12*M12,"") | P12: 3
A13: t12 | B13: Crear una sola vez (doble clic) | C13: L | D13: Sí | L13: =IF(AND(I13<>"",J13<>""),ROUND((J13-I13)*1440-N(K13),0),"") | M13: =IF(E13="","",IF(E13="Línea base",2,1)) | N13: =IF(AND(ISNUMBER(L13),ISNUMBER(M13)),L13*M13,"") | P13: 3
... A25: t24 | B25: Enmascarar correo en logs | C25: S | D25: No | L25: =IF(AND(I25<>"",J25<>""),ROUND((J25-I25)*1440-N(K25),0),"") | M25: =IF(E25="","",IF(E25="Línea base",2,1)) | N25: =IF(AND(ISNUMBER(L25),ISNUMBER(M25)),L25*M25,"") | P25: 3
A26: R1 | B26: Caso recibido 1 | L26: =IF(AND(I26<>"",J26<>""),ROUND((J26-I26)*1440-N(K26),0),"") | M26: =IF(E26="","",IF(E26="Línea base",2,1)) | N26: =IF(AND(ISNUMBER(L26),ISNUMBER(M26)),L26*M26,"")
A27: R2 | B27: Caso recibido 2 | L27: =IF(AND(I27<>"",J27<>""),ROUND((J27-I27)*1440-N(K27),0),"") | M27: =IF(E27="","",IF(E27="Línea base",2,1)) | N27: =IF(AND(ISNUMBER(L27),ISNUMBER(M27)),L27*M27,"")
A28: R3 | B28: Caso recibido 3 | L28: =IF(AND(I28<>"",J28<>""),ROUND((J28-I28)*1440-N(K28),0),"") | M28: =IF(E28="","",IF(E28="Línea base",2,1)) | N28: =IF(AND(ISNUMBER(L28),ISNUMBER(M28)),L28*M28,"")

Sheet Codewalk
A1: Quien responde NO mira el código ni al agente; el evaluador SÍ tiene el código abierto para puntuar (1 = respuesta correcta y concreta, 0 = vaga o incorrecta). Máx. 5 min por persona. Línea base: cada uno evalúa al otro. Ciclos: quien no condujo evalúa al autor; el compañero lo evalúa el autor.
A2: Caso | B2: Persona evaluada | C2: Rol | D2: Evaluador | E2: P1 Qué hace (0/1) | F2: P2 Caso borde y dónde (0/1) | G2: P3 Por qué así y no de otra forma (0/1) | H2: P4 Si falla con X, dónde mirarías (0/1) | I2: P5 Si el requisito cambia en Y, qué cambiarías (0/1) | J2: Total (0–5) | K2: X e Y que eligió el evaluador | L2: Notas
J3: =IF(COUNT(E2:I2)=0,"",SUM(E2:I2))
J4: =IF(COUNT(E3:I3)=0,"",SUM(E3:I3))
J5: =IF(COUNT(E4:I4)=0,"",SUM(E4:I4))
J6: =IF(COUNT(E5:I5)=0,"",SUM(E5:I5))
J7: =IF(COUNT(E6:I6)=0,"",SUM(E6:I6))
J8: =IF(COUNT(E7:I7)=0,"",SUM(E7:I7))
J9: =IF(COUNT(E8:I8)=0,"",SUM(E8:I8))
J10: =IF(COUNT(E9:I9)=0,"",SUM(E9:I9))
J11: =IF(COUNT(E10:I10)=0,"",SUM(E10:I10))
J12: =IF(COUNT(E11:I11)=0,"",SUM(E11:I11))
J13: =IF(COUNT(E12:I12)=0,"",SUM(E12:I12))
J14: =IF(COUNT(E13:I13)=0,"",SUM(E13:I13))
... J62: =IF(COUNT(E61:I61)=0,"",SUM(E61:I61))

Sheet Bitacora
A1: ID uso | B1: Fecha (dd/mm) | C1: Ciclo | D1: Caso (ID tarea) | E1: Entrada que le dieron | F1: Salida del agente | G1: Decisión | H1: Razón | I1: Responsable | J1: Agente / versión spec | K1: Minutos | L1: ¿Aceptada sin modificar? | M1: Error detectado (sí/no) | N1: ¿Cómo se detectó? | O1: Marca
A2: U001
A3: U002
A4: U003
A5: U004
A6: U005
A7: U006
A8: U007
A9: U008
A10: U009
A11: U010
A12: U011
A13: U012
... A61: U060

Sheet Resumen
A1: Resumen automático (promedios y conteos; solo cuenta filas con duración). Mediana y rango: 07 - Analisis/Scripts/resumen_medicion.py
A2: Métrica | B2: Condición | C2: S | D2: M | E2: L | F2: Total
A3: Tareas medidas (n) | B3: Línea base | C3: =COUNTIFS('Medicion por caso'!$E:$E,"Línea base",'Medicion por caso'!$L:$L,">=0",'Medicion por caso'!$C:$C,"S") | D3: =COUNTIFS('Medicion por caso'!$E:$E,"Línea base",'Medicion por caso'!$L:$L,">=0",'Medicion por caso'!$C:$C,"M") | E3: =COUNTIFS('Medicion por caso'!$E:$E,"Línea base",'Medicion por caso'!$L:$L,">=0",'Medicion por caso'!$C:$C,"L") | F3: =COUNTIFS('Medicion por caso'!$E:$E,"Línea base",'Medicion por caso'!$L:$L,">=0")
A4: Tareas medidas (n) | B4: Ciclo 1 | C4: =COUNTIFS('Medicion por caso'!$E:$E,"Ciclo 1",'Medicion por caso'!$L:$L,">=0",'Medicion por caso'!$C:$C,"S") | D4: =COUNTIFS('Medicion por caso'!$E:$E,"Ciclo 1",'Medicion por caso'!$L:$L,">=0",'Medicion por caso'!$C:$C,"M") | E4: =COUNTIFS('Medicion por caso'!$E:$E,"Ciclo 1",'Medicion por caso'!$L:$L,">=0",'Medicion por caso'!$C:$C,"L") | F4: =COUNTIFS('Medicion por caso'!$E:$E,"Ciclo 1",'Medicion por caso'!$L:$L,">=0")
A5: Tareas medidas (n) | B5: Ciclo 2 | C5: =COUNTIFS('Medicion por caso'!$E:$E,"Ciclo 2",'Medicion por caso'!$L:$L,">=0",'Medicion por caso'!$C:$C,"S") | D5: =COUNTIFS('Medicion por caso'!$E:$E,"Ciclo 2",'Medicion por caso'!$L:$L,">=0",'Medicion por caso'!$C:$C,"M") | E5: =COUNTIFS('Medicion por caso'!$E:$E,"Ciclo 2",'Medicion por caso'!$L:$L,">=0",'Medicion por caso'!$C:$C,"L") | F5: =COUNTIFS('Medicion por caso'!$E:$E,"Ciclo 2",'Medicion por caso'!$L:$L,">=0")
A6: Duración media (min) · M1 | B6: Línea base | C6: =IFERROR(ROUND(AVERAGEIFS('Medicion por caso'!$L:$L,'Medicion por caso'!$E:$E,"Línea base",'Medicion por caso'!$L:$L,">=0",'Medicion por caso'!$C:$C,"S"),1),"—") | D6: =IFERROR(ROUND(AVERAGEIFS('Medicion por caso'!$L:$L,'Medicion por caso'!$E:$E,"Línea base",'Medicion por caso'!$L:$L,">=0",'Medicion por caso'!$C:$C,"M"),1),"—") | E6: =IFERROR(ROUND(AVERAGEIFS('Medicion por caso'!$L:$L,'Medicion por caso'!$E:$E,"Línea base",'Medicion por caso'!$L:$L,">=0",'Medicion por caso'!$C:$C,"L"),1),"—") | F6: =IFERROR(ROUND(AVERAGEIFS('Medicion por caso'!$L:$L,'Medicion por caso'!$E:$E,"Línea base",'Medicion por caso'!$L:$L,">=0"),1),"—")
A7: Duración media (min) · M1 | B7: Ciclo 1 | C7: =IFERROR(ROUND(AVERAGEIFS('Medicion por caso'!$L:$L,'Medicion por caso'!$E:$E,"Ciclo 1",'Medicion por caso'!$L:$L,">=0",'Medicion por caso'!$C:$C,"S"),1),"—") | D7: =IFERROR(ROUND(AVERAGEIFS('Medicion por caso'!$L:$L,'Medicion por caso'!$E:$E,"Ciclo 1",'Medicion por caso'!$L:$L,">=0",'Medicion por caso'!$C:$C,"M"),1),"—") | E7: =IFERROR(ROUND(AVERAGEIFS('Medicion por caso'!$L:$L,'Medicion por caso'!$E:$E,"Ciclo 1",'Medicion por caso'!$L:$L,">=0",'Medicion por caso'!$C:$C,"L"),1),"—") | F7: =IFERROR(ROUND(AVERAGEIFS('Medicion por caso'!$L:$L,'Medicion por caso'!$E:$E,"Ciclo 1",'Medicion por caso'!$L:$L,">=0"),1),"—")
A8: Duración media (min) · M1 | B8: Ciclo 2 | C8: =IFERROR(ROUND(AVERAGEIFS('Medicion por caso'!$L:$L,'Medicion por caso'!$E:$E,"Ciclo 2",'Medicion por caso'!$L:$L,">=0",'Medicion por caso'!$C:$C,"S"),1),"—") | D8: =IFERROR(ROUND(AVERAGEIFS('Medicion por caso'!$L:$L,'Medicion por caso'!$E:$E,"Ciclo 2",'Medicion por caso'!$L:$L,">=0",'Medicion por caso'!$C:$C,"M"),1),"—") | E8: =IFERROR(ROUND(AVERAGEIFS('Medicion por caso'!$L:$L,'Medicion por caso'!$E:$E,"Ciclo 2",'Medicion por caso'!$L:$L,">=0",'Medicion por caso'!$C:$C,"L"),1),"—") | F8: =IFERROR(ROUND(AVERAGEIFS('Medicion por caso'!$L:$L,'Medicion por caso'!$E:$E,"Ciclo 2",'Medicion por caso'!$L:$L,">=0"),1),"—")
A9: Esfuerzo medio (min·pers.) · M2 | B9: Línea base | C9: =IFERROR(ROUND(AVERAGEIFS('Medicion por caso'!$N:$N,'Medicion por caso'!$E:$E,"Línea base",'Medicion por caso'!$L:$L,">=0",'Medicion por caso'!$C:$C,"S"),1),"—") | D9: =IFERROR(ROUND(AVERAGEIFS('Medicion por caso'!$N:$N,'Medicion por caso'!$E:$E,"Línea base",'Medicion por caso'!$L:$L,">=0",'Medicion por caso'!$C:$C,"M"),1),"—") | E9: =IFERROR(ROUND(AVERAGEIFS('Medicion por caso'!$N:$N,'Medicion por caso'!$E:$E,"Línea base",'Medicion por caso'!$L:$L,">=0",'Medicion por caso'!$C:$C,"L"),1),"—") | F9: =IFERROR(ROUND(AVERAGEIFS('Medicion por caso'!$N:$N,'Medicion por caso'!$E:$E,"Línea base",'Medicion por caso'!$L:$L,">=0"),1),"—")
A10: Esfuerzo medio (min·pers.) · M2 | B10: Ciclo 1 | C10: =IFERROR(ROUND(AVERAGEIFS('Medicion por caso'!$N:$N,'Medicion por caso'!$E:$E,"Ciclo 1",'Medicion por caso'!$L:$L,">=0",'Medicion por caso'!$C:$C,"S"),1),"—") | D10: =IFERROR(ROUND(AVERAGEIFS('Medicion por caso'!$N:$N,'Medicion por caso'!$E:$E,"Ciclo 1",'Medicion por caso'!$L:$L,">=0",'Medicion por caso'!$C:$C,"M"),1),"—") | E10: =IFERROR(ROUND(AVERAGEIFS('Medicion por caso'!$N:$N,'Medicion por caso'!$E:$E,"Ciclo 1",'Medicion por caso'!$L:$L,">=0",'Medicion por caso'!$C:$C,"L"),1),"—") | F10: =IFERROR(ROUND(AVERAGEIFS('Medicion por caso'!$N:$N,'Medicion por caso'!$E:$E,"Ciclo 1",'Medicion por caso'!$L:$L,">=0"),1),"—")
A11: Esfuerzo medio (min·pers.) · M2 | B11: Ciclo 2 | C11: =IFERROR(ROUND(AVERAGEIFS('Medicion por caso'!$N:$N,'Medicion por caso'!$E:$E,"Ciclo 2",'Medicion por caso'!$L:$L,">=0",'Medicion por caso'!$C:$C,"S"),1),"—") | D11: =IFERROR(ROUND(AVERAGEIFS('Medicion por caso'!$N:$N,'Medicion por caso'!$E:$E,"Ciclo 2",'Medicion por caso'!$L:$L,">=0",'Medicion por caso'!$C:$C,"M"),1),"—") | E11: =IFERROR(ROUND(AVERAGEIFS('Medicion por caso'!$N:$N,'Medicion por caso'!$E:$E,"Ciclo 2",'Medicion por caso'!$L:$L,">=0",'Medicion por caso'!$C:$C,"L"),1),"—") | F11: =IFERROR(ROUND(AVERAGEIFS('Medicion por caso'!$N:$N,'Medicion por caso'!$E:$E,"Ciclo 2",'Medicion por caso'!$L:$L,">=0"),1),"—")
A12: Ocultas que fallan (suma) · M3 | B12: Línea base | C12: =SUMIFS('Medicion por caso'!$O:$O,'Medicion por caso'!$E:$E,"Línea base",'Medicion por caso'!$L:$L,">=0",'Medicion por caso'!$C:$C,"S") | D12: =SUMIFS('Medicion por caso'!$O:$O,'Medicion por caso'!$E:$E,"Línea base",'Medicion por caso'!$L:$L,">=0",'Medicion por caso'!$C:$C,"M") | E12: =SUMIFS('Medicion por caso'!$O:$O,'Medicion por caso'!$E:$E,"Línea base",'Medicion por caso'!$L:$L,">=0",'Medicion por caso'!$C:$C,"L") | F12: =SUMIFS('Medicion por caso'!$O:$O,'Medicion por caso'!$E:$E,"Línea base",'Medicion por caso'!$L:$L,">=0")
A13: Ocultas que fallan (suma) · M3 | B13: Ciclo 1 | C13: =SUMIFS('Medicion por caso'!$O:$O,'Medicion por caso'!$E:$E,"Ciclo 1",'Medicion por caso'!$L:$L,">=0",'Medicion por caso'!$C:$C,"S") | D13: =SUMIFS('Medicion por caso'!$O:$O,'Medicion por caso'!$E:$E,"Ciclo 1",'Medicion por caso'!$L:$L,">=0",'Medicion por caso'!$C:$C,"M") | E13: =SUMIFS('Medicion por caso'!$O:$O,'Medicion por caso'!$E:$E,"Ciclo 1",'Medicion por caso'!$L:$L,">=0",'Medicion por caso'!$C:$C,"L") | F13: =SUMIFS('Medicion por caso'!$O:$O,'Medicion por caso'!$E:$E,"Ciclo 1",'Medicion por caso'!$L:$L,">=0")
A14: Ocultas que fallan (suma) · M3 | B14: Ciclo 2 | C14: =SUMIFS('Medicion por caso'!$O:$O,'Medicion por caso'!$E:$E,"Ciclo 2",'Medicion por caso'!$L:$L,">=0",'Medicion por caso'!$C:$C,"S") | D14: =SUMIFS('Medicion por caso'!$O:$O,'Medicion por caso'!$E:$E,"Ciclo 2",'Medicion por caso'!$L:$L,">=0",'Medicion por caso'!$C:$C,"M") | E14: =SUMIFS('Medicion por caso'!$O:$O,'Medicion por caso'!$E:$E,"Ciclo 2",'Medicion por caso'!$L:$L,">=0",'Medicion por caso'!$C:$C,"L") | F14: =SUMIFS('Medicion por caso'!$O:$O,'Medicion por caso'!$E:$E,"Ciclo 2",'Medicion por caso'!$L:$L,">=0")
A15: Ocultas totales (suma) | B15: Línea base | C15: =SUMIFS('Medicion por caso'!$P:$P,'Medicion por caso'!$E:$E,"Línea base",'Medicion por caso'!$L:$L,">=0",'Medicion por caso'!$C:$C,"S") | D15: =SUMIFS('Medicion por caso'!$P:$P,'Medicion por caso'!$E:$E,"Línea base",'Medicion por caso'!$L:$L,">=0",'Medicion por caso'!$C:$C,"M") | E15: =SUMIFS('Medicion por caso'!$P:$P,'Medicion por caso'!$E:$E,"Línea base",'Medicion por caso'!$L:$L,">=0",'Medicion por caso'!$C:$C,"L") | F15: =SUMIFS('Medicion por caso'!$P:$P,'Medicion por caso'!$E:$E,"Línea base",'Medicion por caso'!$L:$L,">=0")
A16: Ocultas totales (suma) | B16: Ciclo 1 | C16: =SUMIFS('Medicion por caso'!$P:$P,'Medicion por caso'!$E:$E,"Ciclo 1",'Medicion por caso'!$L:$L,">=0",'Medicion por caso'!$C:$C,"S") | D16: =SUMIFS('Medicion por caso'!$P:$P,'Medicion por caso'!$E:$E,"Ciclo 1",'Medicion por caso'!$L:$L,">=0",'Medicion por caso'!$C:$C,"M") | E16: =SUMIFS('Medicion por caso'!$P:$P,'Medicion por caso'!$E:$E,"Ciclo 1",'Medicion por caso'!$L:$L,">=0",'Medicion por caso'!$C:$C,"L") | F16: =SUMIFS('Medicion por caso'!$P:$P,'Medicion por caso'!$E:$E,"Ciclo 1",'Medicion por caso'!$L:$L,">=0")
A17: Ocultas totales (suma) | B17: Ciclo 2 | C17: =SUMIFS('Medicion por caso'!$P:$P,'Medicion por caso'!$E:$E,"Ciclo 2",'Medicion por caso'!$L:$L,">=0",'Medicion por caso'!$C:$C,"S") | D17: =SUMIFS('Medicion por caso'!$P:$P,'Medicion por caso'!$E:$E,"Ciclo 2",'Medicion por caso'!$L:$L,">=0",'Medicion por caso'!$C:$C,"M") | E17: =SUMIFS('Medicion por caso'!$P:$P,'Medicion por caso'!$E:$E,"Ciclo 2",'Medicion por caso'!$L:$L,">=0",'Medicion por caso'!$C:$C,"L") | F17: =SUMIFS('Medicion por caso'!$P:$P,'Medicion por caso'!$E:$E,"Ciclo 2",'Medicion por caso'!$L:$L,">=0")
A18: Retrabajo medio (min) · M4 | B18: Línea base | C18: =IFERROR(ROUND(AVERAGEIFS('Medicion por caso'!$Q:$Q,'Medicion por caso'!$E:$E,"Línea base",'Medicion por caso'!$L:$L,">=0",'Medicion por caso'!$C:$C,"S"),1),"—") | D18: =IFERROR(ROUND(AVERAGEIFS('Medicion por caso'!$Q:$Q,'Medicion por caso'!$E:$E,"Línea base",'Medicion por caso'!$L:$L,">=0",'Medicion por caso'!$C:$C,"M"),1),"—") | E18: =IFERROR(ROUND(AVERAGEIFS('Medicion por caso'!$Q:$Q,'Medicion por caso'!$E:$E,"Línea base",'Medicion por caso'!$L:$L,">=0",'Medicion por caso'!$C:$C,"L"),1),"—") | F18: =IFERROR(ROUND(AVERAGEIFS('Medicion por caso'!$Q:$Q,'Medicion por caso'!$E:$E,"Línea base",'Medicion por caso'!$L:$L,">=0"),1),"—")
A19: Retrabajo medio (min) · M4 | B19: Ciclo 1 | C19: =IFERROR(ROUND(AVERAGEIFS('Medicion por caso'!$Q:$Q,'Medicion por caso'!$E:$E,"Ciclo 1",'Medicion por caso'!$L:$L,">=0",'Medicion por caso'!$C:$C,"S"),1),"—") | D19: =IFERROR(ROUND(AVERAGEIFS('Medicion por caso'!$Q:$Q,'Medicion por caso'!$E:$E,"Ciclo 1",'Medicion por caso'!$L:$L,">=0",'Medicion por caso'!$C:$C,"M"),1),"—") | E19: =IFERROR(ROUND(AVERAGEIFS('Medicion por caso'!$Q:$Q,'Medicion por caso'!$E:$E,"Ciclo 1",'Medicion por caso'!$L:$L,">=0",'Medicion por caso'!$C:$C,"L"),1),"—") | F19: =IFERROR(ROUND(AVERAGEIFS('Medicion por caso'!$Q:$Q,'Medicion por caso'!$E:$E,"Ciclo 1",'Medicion por caso'!$L:$L,">=0"),1),"—")
A20: Retrabajo medio (min) · M4 | B20: Ciclo 2 | C20: =IFERROR(ROUND(AVERAGEIFS('Medicion por caso'!$Q:$Q,'Medicion por caso'!$E:$E,"Ciclo 2",'Medicion por caso'!$L:$L,">=0",'Medicion por caso'!$C:$C,"S"),1),"—") | D20: =IFERROR(ROUND(AVERAGEIFS('Medicion por caso'!$Q:$Q,'Medicion por caso'!$E:$E,"Ciclo 2",'Medicion por caso'!$L:$L,">=0",'Medicion por caso'!$C:$C,"M"),1),"—") | E20: =IFERROR(ROUND(AVERAGEIFS('Medicion por caso'!$Q:$Q,'Medicion por caso'!$E:$E,"Ciclo 2",'Medicion por caso'!$L:$L,">=0",'Medicion por caso'!$C:$C,"L"),1),"—") | F20: =IFERROR(ROUND(AVERAGEIFS('Medicion por caso'!$Q:$Q,'Medicion por caso'!$E:$E,"Ciclo 2",'Medicion por caso'!$L:$L,">=0"),1),"—")
A21: Codewalk autor medio · M5 | B21: Línea base | C21: =IFERROR(ROUND(AVERAGEIFS('Medicion por caso'!$S:$S,'Medicion por caso'!$E:$E,"Línea base",'Medicion por caso'!$L:$L,">=0",'Medicion por caso'!$C:$C,"S"),1),"—") | D21: =IFERROR(ROUND(AVERAGEIFS('Medicion por caso'!$S:$S,'Medicion por caso'!$E:$E,"Línea base",'Medicion por caso'!$L:$L,">=0",'Medicion por caso'!$C:$C,"M"),1),"—") | E21: =IFERROR(ROUND(AVERAGEIFS('Medicion por caso'!$S:$S,'Medicion por caso'!$E:$E,"Línea base",'Medicion por caso'!$L:$L,">=0",'Medicion por caso'!$C:$C,"L"),1),"—") | F21: =IFERROR(ROUND(AVERAGEIFS('Medicion por caso'!$S:$S,'Medicion por caso'!$E:$E,"Línea base",'Medicion por caso'!$L:$L,">=0"),1),"—")
A22: Codewalk autor medio · M5 | B22: Ciclo 1 | C22: =IFERROR(ROUND(AVERAGEIFS('Medicion por caso'!$S:$S,'Medicion por caso'!$E:$E,"Ciclo 1",'Medicion por caso'!$L:$L,">=0",'Medicion por caso'!$C:$C,"S"),1),"—") | D22: =IFERROR(ROUND(AVERAGEIFS('Medicion por caso'!$S:$S,'Medicion por caso'!$E:$E,"Ciclo 1",'Medicion por caso'!$L:$L,">=0",'Medicion por caso'!$C:$C,"M"),1),"—") | E22: =IFERROR(ROUND(AVERAGEIFS('Medicion por caso'!$S:$S,'Medicion por caso'!$E:$E,"Ciclo 1",'Medicion por caso'!$L:$L,">=0",'Medicion por caso'!$C:$C,"L"),1),"—") | F22: =IFERROR(ROUND(AVERAGEIFS('Medicion por caso'!$S:$S,'Medicion por caso'!$E:$E,"Ciclo 1",'Medicion por caso'!$L:$L,">=0"),1),"—")
A23: Codewalk autor medio · M5 | B23: Ciclo 2 | C23: =IFERROR(ROUND(AVERAGEIFS('Medicion por caso'!$S:$S,'Medicion por caso'!$E:$E,"Ciclo 2",'Medicion por caso'!$L:$L,">=0",'Medicion por caso'!$C:$C,"S"),1),"—") | D23: =IFERROR(ROUND(AVERAGEIFS('Medicion por caso'!$S:$S,'Medicion por caso'!$E:$E,"Ciclo 2",'Medicion por caso'!$L:$L,">=0",'Medicion por caso'!$C:$C,"M"),1),"—") | E23: =IFERROR(ROUND(AVERAGEIFS('Medicion por caso'!$S:$S,'Medicion por caso'!$E:$E,"Ciclo 2",'Medicion por caso'!$L:$L,">=0",'Medicion por caso'!$C:$C,"L"),1),"—") | F23: =IFERROR(ROUND(AVERAGEIFS('Medicion por caso'!$S:$S,'Medicion por caso'!$E:$E,"Ciclo 2",'Medicion por caso'!$L:$L,">=0"),1),"—")
A24: Codewalk compañero medio · M5 | B24: Línea base | C24: =IFERROR(ROUND(AVERAGEIFS('Medicion por caso'!$T:$T,'Medicion por caso'!$E:$E,"Línea base",'Medicion por caso'!$L:$L,">=0",'Medicion por caso'!$C:$C,"S"),1),"—") | D24: =IFERROR(ROUND(AVERAGEIFS('Medicion por caso'!$T:$T,'Medicion por caso'!$E:$E,"Línea base",'Medicion por caso'!$L:$L,">=0",'Medicion por caso'!$C:$C,"M"),1),"—") | E24: =IFERROR(ROUND(AVERAGEIFS('Medicion por caso'!$T:$T,'Medicion por caso'!$E:$E,"Línea base",'Medicion por caso'!$L:$L,">=0",'Medicion por caso'!$C:$C,"L"),1),"—") | F24: =IFERROR(ROUND(AVERAGEIFS('Medicion por caso'!$T:$T,'Medicion por caso'!$E:$E,"Línea base",'Medicion por caso'!$L:$L,">=0"),1),"—")
A25: Codewalk compañero medio · M5 | B25: Ciclo 1 | C25: =IFERROR(ROUND(AVERAGEIFS('Medicion por caso'!$T:$T,'Medicion por caso'!$E:$E,"Ciclo 1",'Medicion por caso'!$L:$L,">=0",'Medicion por caso'!$C:$C,"S"),1),"—") | D25: =IFERROR(ROUND(AVERAGEIFS('Medicion por caso'!$T:$T,'Medicion por caso'!$E:$E,"Ciclo 1",'Medicion por caso'!$L:$L,">=0",'Medicion por caso'!$C:$C,"M"),1),"—") | E25: =IFERROR(ROUND(AVERAGEIFS('Medicion por caso'!$T:$T,'Medicion por caso'!$E:$E,"Ciclo 1",'Medicion por caso'!$L:$L,">=0",'Medicion por caso'!$C:$C,"L"),1),"—") | F25: =IFERROR(ROUND(AVERAGEIFS('Medicion por caso'!$T:$T,'Medicion por caso'!$E:$E,"Ciclo 1",'Medicion por caso'!$L:$L,">=0"),1),"—")
A26: Codewalk compañero medio · M5 | B26: Ciclo 2 | C26: =IFERROR(ROUND(AVERAGEIFS('Medicion por caso'!$T:$T,'Medicion por caso'!$E:$E,"Ciclo 2",'Medicion por caso'!$L:$L,">=0",'Medicion por caso'!$C:$C,"S"),1),"—") | D26: =IFERROR(ROUND(AVERAGEIFS('Medicion por caso'!$T:$T,'Medicion por caso'!$E:$E,"Ciclo 2",'Medicion por caso'!$L:$L,">=0",'Medicion por caso'!$C:$C,"M"),1),"—") | E26: =IFERROR(ROUND(AVERAGEIFS('Medicion por caso'!$T:$T,'Medicion por caso'!$E:$E,"Ciclo 2",'Medicion por caso'!$L:$L,">=0",'Medicion por caso'!$C:$C,"L"),1),"—") | F26: =IFERROR(ROUND(AVERAGEIFS('Medicion por caso'!$T:$T,'Medicion por caso'!$E:$E,"Ciclo 2",'Medicion por caso'!$L:$L,">=0"),1),"—")
A27: Pronóstico medio (min) · M6 | B27: Línea base | C27: =IFERROR(ROUND(AVERAGEIFS('Medicion por caso'!$H:$H,'Medicion por caso'!$E:$E,"Línea base",'Medicion por caso'!$L:$L,">=0",'Medicion por caso'!$C:$C,"S"),1),"—") | D27: =IFERROR(ROUND(AVERAGEIFS('Medicion por caso'!$H:$H,'Medicion por caso'!$E:$E,"Línea base",'Medicion por caso'!$L:$L,">=0",'Medicion por caso'!$C:$C,"M"),1),"—") | E27: =IFERROR(ROUND(AVERAGEIFS('Medicion por caso'!$H:$H,'Medicion por caso'!$E:$E,"Línea base",'Medicion por caso'!$L:$L,">=0",'Medicion por caso'!$C:$C,"L"),1),"—") | F27: =IFERROR(ROUND(AVERAGEIFS('Medicion por caso'!$H:$H,'Medicion por caso'!$E:$E,"Línea base",'Medicion por caso'!$L:$L,">=0"),1),"—")
A28: Pronóstico medio (min) · M6 | B28: Ciclo 1 | C28: =IFERROR(ROUND(AVERAGEIFS('Medicion por caso'!$H:$H,'Medicion por caso'!$E:$E,"Ciclo 1",'Medicion por caso'!$L:$L,">=0",'Medicion por caso'!$C:$C,"S"),1),"—") | D28: =IFERROR(ROUND(AVERAGEIFS('Medicion por caso'!$H:$H,'Medicion por caso'!$E:$E,"Ciclo 1",'Medicion por caso'!$L:$L,">=0",'Medicion por caso'!$C:$C,"M"),1),"—") | E28: =IFERROR(ROUND(AVERAGEIFS('Medicion por caso'!$H:$H,'Medicion por caso'!$E:$E,"Ciclo 1",'Medicion por caso'!$L:$L,">=0",'Medicion por caso'!$C:$C,"L"),1),"—") | F28: =IFERROR(ROUND(AVERAGEIFS('Medicion por caso'!$H:$H,'Medicion por caso'!$E:$E,"Ciclo 1",'Medicion por caso'!$L:$L,">=0"),1),"—")
A29: Pronóstico medio (min) · M6 | B29: Ciclo 2 | C29: =IFERROR(ROUND(AVERAGEIFS('Medicion por caso'!$H:$H,'Medicion por caso'!$E:$E,"Ciclo 2",'Medicion por caso'!$L:$L,">=0",'Medicion por caso'!$C:$C,"S"),1),"—") | D29: =IFERROR(ROUND(AVERAGEIFS('Medicion por caso'!$H:$H,'Medicion por caso'!$E:$E,"Ciclo 2",'Medicion por caso'!$L:$L,">=0",'Medicion por caso'!$C:$C,"M"),1),"—") | E29: =IFERROR(ROUND(AVERAGEIFS('Medicion por caso'!$H:$H,'Medicion por caso'!$E:$E,"Ciclo 2",'Medicion por caso'!$L:$L,">=0",'Medicion por caso'!$C:$C,"L"),1),"—") | F29: =IFERROR(ROUND(AVERAGEIFS('Medicion por caso'!$H:$H,'Medicion por caso'!$E:$E,"Ciclo 2",'Medicion por caso'!$L:$L,">=0"),1),"—")
A30: Ayuda percibida media · M6 | B30: Línea base | C30: =IFERROR(ROUND(AVERAGEIFS('Medicion por caso'!$U:$U,'Medicion por caso'!$E:$E,"Línea base",'Medicion por caso'!$L:$L,">=0",'Medicion por caso'!$C:$C,"S"),1),"—") | D30: =IFERROR(ROUND(AVERAGEIFS('Medicion por caso'!$U:$U,'Medicion por caso'!$E:$E,"Línea base",'Medicion por caso'!$L:$L,">=0",'Medicion por caso'!$C:$C,"M"),1),"—") | E30: =IFERROR(ROUND(AVERAGEIFS('Medicion por caso'!$U:$U,'Medicion por caso'!$E:$E,"Línea base",'Medicion por caso'!$L:$L,">=0",'Medicion por caso'!$C:$C,"L"),1),"—") | F30: =IFERROR(ROUND(AVERAGEIFS('Medicion por caso'!$U:$U,'Medicion por caso'!$E:$E,"Línea base",'Medicion por caso'!$L:$L,">=0"),1),"—")
A31: Ayuda percibida media · M6 | B31: Ciclo 1 | C31: =IFERROR(ROUND(AVERAGEIFS('Medicion por caso'!$U:$U,'Medicion por caso'!$E:$E,"Ciclo 1",'Medicion por caso'!$L:$L,">=0",'Medicion por caso'!$C:$C,"S"),1),"—") | D31: =IFERROR(ROUND(AVERAGEIFS('Medicion por caso'!$U:$U,'Medicion por caso'!$E:$E,"Ciclo 1",'Medicion por caso'!$L:$L,">=0",'Medicion por caso'!$C:$C,"M"),1),"—") | E31: =IFERROR(ROUND(AVERAGEIFS('Medicion por caso'!$U:$U,'Medicion por caso'!$E:$E,"Ciclo 1",'Medicion por caso'!$L:$L,">=0",'Medicion por caso'!$C:$C,"L"),1),"—") | F31: =IFERROR(ROUND(AVERAGEIFS('Medicion por caso'!$U:$U,'Medicion por caso'!$E:$E,"Ciclo 1",'Medicion por caso'!$L:$L,">=0"),1),"—")
A32: Ayuda percibida media · M6 | B32: Ciclo 2 | C32: =IFERROR(ROUND(AVERAGEIFS('Medicion por caso'!$U:$U,'Medicion por caso'!$E:$E,"Ciclo 2",'Medicion por caso'!$L:$L,">=0",'Medicion por caso'!$C:$C,"S"),1),"—") | D32: =IFERROR(ROUND(AVERAGEIFS('Medicion por caso'!$U:$U,'Medicion por caso'!$E:$E,"Ciclo 2",'Medicion por caso'!$L:$L,">=0",'Medicion por caso'!$C:$C,"M"),1),"—") | E32: =IFERROR(ROUND(AVERAGEIFS('Medicion por caso'!$U:$U,'Medicion por caso'!$E:$E,"Ciclo 2",'Medicion por caso'!$L:$L,">=0",'Medicion por caso'!$C:$C,"L"),1),"—") | F32: =IFERROR(ROUND(AVERAGEIFS('Medicion por caso'!$U:$U,'Medicion por caso'!$E:$E,"Ciclo 2",'Medicion por caso'!$L:$L,">=0"),1),"—")
